"No.","Time","Source","Destination","Protocol","Length","Info"
"1","0.000000","127.0.0.1","127.0.0.1","UDP","56","54841  >  13337 Len=24"
"2","3.430568","127.0.0.1","127.0.0.1","UDP","56","54841  >  13337 Len=24"
"3","4.202699","127.0.0.1","127.0.0.1","UDP","56","54841  >  13337 Len=24"
"4","7.756655","127.0.0.1","127.0.0.1","UDP","56","54841  >  13337 Len=24"
"5","11.716403","127.0.0.1","127.0.0.1","UDP","56","54841  >  13337 Len=24"
"6","13.514450","127.0.0.1","127.0.0.1","UDP","56","54841  >  13337 Len=24"
"7","16.279975","127.0.0.1","127.0.0.1","UDP","56","54841  >  13337 Len=24"
"8","20.624662","127.0.0.1","127.0.0.1","UDP","56","54841  >  13337 Len=24"
"9","22.278454","127.0.0.1","127.0.0.1","UDP","56","54841  >  13337 Len=24"
"10","22.887410","127.0.0.1","127.0.0.1","UDP","56","54841  >  13337 Len=24"
"11","24.835681","127.0.0.1","127.0.0.1","UDP","56","54841  >  13337 Len=24"
"12","26.519327","127.0.0.1","127.0.0.1","UDP","56","54841  >  13337 Len=24"
"13","28.186934","127.0.0.1","127.0.0.1","UDP","56","54841  >  13337 Len=24"
"14","29.821913","127.0.0.1","127.0.0.1","UDP","56","54841  >  13337 Len=24"
"15","32.032170","127.0.0.1","127.0.0.1","UDP","56","54841  >  13337 Len=24"
"16","34.903269","127.0.0.1","127.0.0.1","UDP","56","54841  >  13337 Len=24"
"17","35.588341","127.0.0.1","127.0.0.1","UDP","56","54841  >  13337 Len=24"
"18","37.008152","127.0.0.1","127.0.0.1","UDP","56","54841  >  13337 Len=24"
"19","39.896677","127.0.0.1","127.0.0.1","UDP","56","54841  >  13337 Len=24"
"20","40.986053","127.0.0.1","127.0.0.1","UDP","56","54841  >  13337 Len=24"
"21","43.882244","127.0.0.1","127.0.0.1","UDP","56","54841  >  13337 Len=24"
"22","47.153246","127.0.0.1","127.0.0.1","UDP","56","54841  >  13337 Len=24"
"23","48.691340","127.0.0.1","127.0.0.1","UDP","56","54841  >  13337 Len=24"
"24","52.880957","127.0.0.1","127.0.0.1","UDP","56","54841  >  13337 Len=24"
"25","55.683801","127.0.0.1","127.0.0.1","UDP","56","54841  >  13337 Len=24"
"26","58.219983","127.0.0.1","127.0.0.1","UDP","56","54841  >  13337 Len=24"
"27","59.449638","127.0.0.1","127.0.0.1","UDP","56","54841  >  13337 Len=24"
"28","63.131334","127.0.0.1","127.0.0.1","UDP","56","54841  >  13337 Len=24"
"29","66.374620","127.0.0.1","127.0.0.1","UDP","56","54841  >  13337 Len=24"
"30","68.932553","127.0.0.1","127.0.0.1","UDP","56","54841  >  13337 Len=24"
"31","72.212063","127.0.0.1","127.0.0.1","UDP","56","54841  >  13337 Len=24"
"32","75.138427","127.0.0.1","127.0.0.1","UDP","56","54841  >  13337 Len=24"
"33","77.338202","127.0.0.1","127.0.0.1","UDP","56","54841  >  13337 Len=24"
"34","78.130685","127.0.0.1","127.0.0.1","UDP","56","54841  >  13337 Len=24"
"35","79.355445","127.0.0.1","127.0.0.1","UDP","56","54841  >  13337 Len=24"
"36","80.998105","127.0.0.1","127.0.0.1","UDP","56","54841  >  13337 Len=24"
"37","82.911911","127.0.0.1","127.0.0.1","UDP","56","54841  >  13337 Len=24"
"38","84.563628","127.0.0.1","127.0.0.1","UDP","56","54841  >  13337 Len=24"
"39","86.318548","127.0.0.1","127.0.0.1","UDP","56","54841  >  13337 Len=24"
"40","88.659773","127.0.0.1","127.0.0.1","UDP","56","54841  >  13337 Len=24"
"41","90.218730","127.0.0.1","127.0.0.1","UDP","56","54841  >  13337 Len=24"
"42","92.629170","127.0.0.1","127.0.0.1","UDP","56","54841  >  13337 Len=24"
"43","94.703311","127.0.0.1","127.0.0.1","UDP","56","54841  >  13337 Len=24"
"44","96.865685","127.0.0.1","127.0.0.1","UDP","56","54841  >  13337 Len=24"
"45","100.063123","127.0.0.1","127.0.0.1","UDP","56","54841  >  13337 Len=24"
"46","102.912988","127.0.0.1","127.0.0.1","UDP","56","54841  >  13337 Len=24"
"47","105.288382","127.0.0.1","127.0.0.1","UDP","56","54841  >  13337 Len=24"
"48","107.721660","127.0.0.1","127.0.0.1","UDP","56","54841  >  13337 Len=24"
"49","109.264492","127.0.0.1","127.0.0.1","UDP","56","54841  >  13337 Len=24"
"50","111.069230","127.0.0.1","127.0.0.1","UDP","56","54841  >  13337 Len=24"
"51","114.998132","127.0.0.1","127.0.0.1","UDP","56","54841  >  13337 Len=24"
"52","118.505322","127.0.0.1","127.0.0.1","UDP","56","54841  >  13337 Len=24"
"53","120.534300","127.0.0.1","127.0.0.1","UDP","56","54841  >  13337 Len=24"
"54","124.558666","127.0.0.1","127.0.0.1","UDP","56","54841  >  13337 Len=24"
"55","126.368460","127.0.0.1","127.0.0.1","UDP","56","54841  >  13337 Len=24"
"56","130.200438","127.0.0.1","127.0.0.1","UDP","56","54841  >  13337 Len=24"
"57","134.481985","127.0.0.1","127.0.0.1","UDP","56","54841  >  13337 Len=24"
"58","136.238253","127.0.0.1","127.0.0.1","UDP","56","54841  >  13337 Len=24"
"59","137.359484","127.0.0.1","127.0.0.1","UDP","56","54841  >  13337 Len=24"
"60","137.763764","127.0.0.1","127.0.0.1","UDP","56","54841  >  13337 Len=24"
"61","139.619151","127.0.0.1","127.0.0.1","UDP","56","54841  >  13337 Len=24"
"62","141.556261","127.0.0.1","127.0.0.1","UDP","56","54841  >  13337 Len=24"
"63","144.608757","127.0.0.1","127.0.0.1","UDP","56","54841  >  13337 Len=24"
"64","148.031846","127.0.0.1","127.0.0.1","UDP","56","54841  >  13337 Len=24"
"65","150.694829","127.0.0.1","127.0.0.1","UDP","56","54841  >  13337 Len=24"
"66","152.576634","127.0.0.1","127.0.0.1","UDP","56","54841  >  13337 Len=24"
"67","155.530640","127.0.0.1","127.0.0.1","UDP","56","54841  >  13337 Len=24"
"68","158.658446","127.0.0.1","127.0.0.1","UDP","56","54841  >  13337 Len=24"
"69","161.826792","127.0.0.1","127.0.0.1","UDP","56","54841  >  13337 Len=24"
"70","164.494660","127.0.0.1","127.0.0.1","UDP","56","54841  >  13337 Len=24"
"71","167.384664","127.0.0.1","127.0.0.1","UDP","56","54841  >  13337 Len=24"
"72","169.987438","127.0.0.1","127.0.0.1","UDP","56","54841  >  13337 Len=24"
"73","171.886994","127.0.0.1","127.0.0.1","UDP","56","54841  >  13337 Len=24"
"74","175.492063","127.0.0.1","127.0.0.1","UDP","56","54841  >  13337 Len=24"
"75","178.868695","127.0.0.1","127.0.0.1","UDP","56","54841  >  13337 Len=24"
"76","181.249257","127.0.0.1","127.0.0.1","UDP","56","54841  >  13337 Len=24"
"77","183.922314","127.0.0.1","127.0.0.1","UDP","56","54841  >  13337 Len=24"
"78","186.088631","127.0.0.1","127.0.0.1","UDP","56","54841  >  13337 Len=24"
"79","186.089103","127.0.0.1","127.0.0.1","UDP","56","54841  >  13337 Len=24"
"80","188.805959","127.0.0.1","127.0.0.1","UDP","56","54841  >  13337 Len=24"
"81","190.374199","127.0.0.1","127.0.0.1","UDP","56","54841  >  13337 Len=24"
"82","193.302887","127.0.0.1","127.0.0.1","UDP","56","54841  >  13337 Len=24"
"83","196.508810","127.0.0.1","127.0.0.1","UDP","56","54841  >  13337 Len=24"
"84","199.821242","127.0.0.1","127.0.0.1","UDP","56","54841  >  13337 Len=24"
"85","202.719215","127.0.0.1","127.0.0.1","UDP","56","54841  >  13337 Len=24"
"86","205.434780","127.0.0.1","127.0.0.1","UDP","56","54841  >  13337 Len=24"
"87","208.133021","127.0.0.1","127.0.0.1","UDP","56","54841  >  13337 Len=24"
"88","210.575980","127.0.0.1","127.0.0.1","UDP","56","54841  >  13337 Len=24"
"89","213.201306","127.0.0.1","127.0.0.1","UDP","56","54841  >  13337 Len=24"
"90","217.710960","127.0.0.1","127.0.0.1","UDP","56","54841  >  13337 Len=24"
"91","221.257073","127.0.0.1","127.0.0.1","UDP","56","54841  >  13337 Len=24"
"92","223.609116","127.0.0.1","127.0.0.1","UDP","56","54841  >  13337 Len=24"
"93","226.642210","127.0.0.1","127.0.0.1","UDP","56","54841  >  13337 Len=24"
"94","230.007551","127.0.0.1","127.0.0.1","UDP","56","54841  >  13337 Len=24"
"95","232.363154","127.0.0.1","127.0.0.1","UDP","56","54841  >  13337 Len=24"
"96","234.898716","127.0.0.1","127.0.0.1","UDP","56","54841  >  13337 Len=24"
"97","237.061466","127.0.0.1","127.0.0.1","UDP","56","54841  >  13337 Len=24"
"98","240.684624","127.0.0.1","127.0.0.1","UDP","56","54841  >  13337 Len=24"
"99","242.245368","127.0.0.1","127.0.0.1","UDP","56","54841  >  13337 Len=24"
"100","243.170254","127.0.0.1","127.0.0.1","UDP","56","54841  >  13337 Len=24"
"101","243.374453","127.0.0.1","127.0.0.1","UDP","47","54841  >  13337 Len=15"
"102","246.132644","127.0.0.1","127.0.0.1","UDP","47","54841  >  13337 Len=15"
"103","248.570773","127.0.0.1","127.0.0.1","UDP","47","54841  >  13337 Len=15"
"104","250.574733","127.0.0.1","127.0.0.1","UDP","47","54841  >  13337 Len=15"
"105","250.726422","127.0.0.1","127.0.0.1","UDP","47","54841  >  13337 Len=15"
"106","250.986693","127.0.0.1","127.0.0.1","UDP","47","54841  >  13337 Len=15"
"107","253.800416","127.0.0.1","127.0.0.1","UDP","47","54841  >  13337 Len=15"
"108","256.149825","127.0.0.1","127.0.0.1","UDP","47","54841  >  13337 Len=15"
"109","257.102697","127.0.0.1","127.0.0.1","UDP","47","54841  >  13337 Len=15"
"110","259.181999","127.0.0.1","127.0.0.1","UDP","47","54841  >  13337 Len=15"
"111","261.522650","127.0.0.1","127.0.0.1","UDP","47","54841  >  13337 Len=15"
"112","262.309503","127.0.0.1","127.0.0.1","UDP","47","54841  >  13337 Len=15"
"113","264.710585","127.0.0.1","127.0.0.1","UDP","47","54841  >  13337 Len=15"
"114","267.011914","127.0.0.1","127.0.0.1","UDP","47","54841  >  13337 Len=15"
"115","269.593545","127.0.0.1","127.0.0.1","UDP","47","54841  >  13337 Len=15"
"116","271.645763","127.0.0.1","127.0.0.1","UDP","47","54841  >  13337 Len=15"
"117","271.860493","127.0.0.1","127.0.0.1","UDP","47","54841  >  13337 Len=15"
"118","274.062429","127.0.0.1","127.0.0.1","UDP","47","54841  >  13337 Len=15"
"119","276.672710","127.0.0.1","127.0.0.1","UDP","47","54841  >  13337 Len=15"
"120","277.029300","127.0.0.1","127.0.0.1","UDP","47","54841  >  13337 Len=15"
"121","279.918622","127.0.0.1","127.0.0.1","UDP","47","54841  >  13337 Len=15"
"122","282.252186","127.0.0.1","127.0.0.1","UDP","47","54841  >  13337 Len=15"
"123","282.696229","127.0.0.1","127.0.0.1","UDP","47","54841  >  13337 Len=15"
"124","285.463112","127.0.0.1","127.0.0.1","UDP","47","54841  >  13337 Len=15"
"125","286.389681","127.0.0.1","127.0.0.1","UDP","47","54841  >  13337 Len=15"
"126","288.839339","127.0.0.1","127.0.0.1","UDP","47","54841  >  13337 Len=15"
"127","291.190778","127.0.0.1","127.0.0.1","UDP","47","54841  >  13337 Len=15"
"128","291.946791","127.0.0.1","127.0.0.1","UDP","47","54841  >  13337 Len=15"
"129","292.706542","127.0.0.1","127.0.0.1","UDP","47","54841  >  13337 Len=15"
"130","295.203678","127.0.0.1","127.0.0.1","UDP","47","54841  >  13337 Len=15"
"131","295.701996","127.0.0.1","127.0.0.1","UDP","47","54841  >  13337 Len=15"
"132","297.852243","127.0.0.1","127.0.0.1","UDP","47","54841  >  13337 Len=15"
"133","298.043803","127.0.0.1","127.0.0.1","UDP","47","54841  >  13337 Len=15"
"134","300.289136","127.0.0.1","127.0.0.1","UDP","47","54841  >  13337 Len=15"
"135","300.804872","127.0.0.1","127.0.0.1","UDP","47","54841  >  13337 Len=15"
"136","303.386414","127.0.0.1","127.0.0.1","UDP","47","54841  >  13337 Len=15"
"137","306.083657","127.0.0.1","127.0.0.1","UDP","47","54841  >  13337 Len=15"
"138","308.980936","127.0.0.1","127.0.0.1","UDP","47","54841  >  13337 Len=15"
"139","311.656548","127.0.0.1","127.0.0.1","UDP","47","54841  >  13337 Len=15"
"140","314.314623","127.0.0.1","127.0.0.1","UDP","47","54841  >  13337 Len=15"
"141","315.208744","127.0.0.1","127.0.0.1","UDP","47","54841  >  13337 Len=15"
"142","317.558281","127.0.0.1","127.0.0.1","UDP","47","54841  >  13337 Len=15"
"143","319.989972","127.0.0.1","127.0.0.1","UDP","47","54841  >  13337 Len=15"
"144","320.978642","127.0.0.1","127.0.0.1","UDP","47","54841  >  13337 Len=15"
"145","321.808718","127.0.0.1","127.0.0.1","UDP","47","54841  >  13337 Len=15"
"146","322.014049","127.0.0.1","127.0.0.1","UDP","47","54841  >  13337 Len=15"
"147","324.724706","127.0.0.1","127.0.0.1","UDP","47","54841  >  13337 Len=15"
"148","327.121808","127.0.0.1","127.0.0.1","UDP","47","54841  >  13337 Len=15"
"149","327.448114","127.0.0.1","127.0.0.1","UDP","47","54841  >  13337 Len=15"
"150","330.274354","127.0.0.1","127.0.0.1","UDP","47","54841  >  13337 Len=15"
"151","332.550262","127.0.0.1","127.0.0.1","UDP","47","54841  >  13337 Len=15"
"152","333.354895","127.0.0.1","127.0.0.1","UDP","47","54841  >  13337 Len=15"
"153","333.915242","127.0.0.1","127.0.0.1","UDP","47","54841  >  13337 Len=15"
"154","334.840846","127.0.0.1","127.0.0.1","UDP","47","54841  >  13337 Len=15"
"155","336.938547","127.0.0.1","127.0.0.1","UDP","47","54841  >  13337 Len=15"
"156","339.809433","127.0.0.1","127.0.0.1","UDP","47","54841  >  13337 Len=15"
"157","340.571312","127.0.0.1","127.0.0.1","UDP","47","54841  >  13337 Len=15"
"158","342.991302","127.0.0.1","127.0.0.1","UDP","47","54841  >  13337 Len=15"
"159","343.441594","127.0.0.1","127.0.0.1","UDP","47","54841  >  13337 Len=15"
"160","345.564928","127.0.0.1","127.0.0.1","UDP","47","54841  >  13337 Len=15"
"161","347.861454","127.0.0.1","127.0.0.1","UDP","47","54841  >  13337 Len=15"
"162","350.120627","127.0.0.1","127.0.0.1","UDP","47","54841  >  13337 Len=15"
"163","352.650941","127.0.0.1","127.0.0.1","UDP","47","54841  >  13337 Len=15"
"164","355.102710","127.0.0.1","127.0.0.1","UDP","47","54841  >  13337 Len=15"
"165","355.660640","127.0.0.1","127.0.0.1","UDP","47","54841  >  13337 Len=15"
"166","358.529695","127.0.0.1","127.0.0.1","UDP","47","54841  >  13337 Len=15"
"167","360.564721","127.0.0.1","127.0.0.1","UDP","47","54841  >  13337 Len=15"
"168","361.185164","127.0.0.1","127.0.0.1","UDP","47","54841  >  13337 Len=15"
"169","362.018246","127.0.0.1","127.0.0.1","UDP","47","54841  >  13337 Len=15"
"170","364.637608","127.0.0.1","127.0.0.1","UDP","47","54841  >  13337 Len=15"
"171","365.344026","127.0.0.1","127.0.0.1","UDP","47","54841  >  13337 Len=15"
"172","367.776191","127.0.0.1","127.0.0.1","UDP","47","54841  >  13337 Len=15"
"173","368.002616","127.0.0.1","127.0.0.1","UDP","47","54841  >  13337 Len=15"
"174","370.242453","127.0.0.1","127.0.0.1","UDP","47","54841  >  13337 Len=15"
"175","372.338160","127.0.0.1","127.0.0.1","UDP","47","54841  >  13337 Len=15"
"176","374.942020","127.0.0.1","127.0.0.1","UDP","47","54841  >  13337 Len=15"
"177","377.605983","127.0.0.1","127.0.0.1","UDP","47","54841  >  13337 Len=15"
"178","377.788538","127.0.0.1","127.0.0.1","UDP","47","54841  >  13337 Len=15"
"179","379.963277","127.0.0.1","127.0.0.1","UDP","47","54841  >  13337 Len=15"
"180","380.710288","127.0.0.1","127.0.0.1","UDP","47","54841  >  13337 Len=15"
"181","381.705134","127.0.0.1","127.0.0.1","UDP","47","54841  >  13337 Len=15"
"182","384.459358","127.0.0.1","127.0.0.1","UDP","47","54841  >  13337 Len=15"
"183","385.094413","127.0.0.1","127.0.0.1","UDP","47","54841  >  13337 Len=15"
"184","387.489363","127.0.0.1","127.0.0.1","UDP","47","54841  >  13337 Len=15"
"185","389.524681","127.0.0.1","127.0.0.1","UDP","47","54841  >  13337 Len=15"
"186","392.276309","127.0.0.1","127.0.0.1","UDP","47","54841  >  13337 Len=15"
"187","394.473082","127.0.0.1","127.0.0.1","UDP","47","54841  >  13337 Len=15"
"188","396.542020","127.0.0.1","127.0.0.1","UDP","47","54841  >  13337 Len=15"
"189","396.811250","127.0.0.1","127.0.0.1","UDP","47","54841  >  13337 Len=15"
"190","397.424235","127.0.0.1","127.0.0.1","UDP","47","54841  >  13337 Len=15"
"191","399.750125","127.0.0.1","127.0.0.1","UDP","47","54841  >  13337 Len=15"
"192","402.542411","127.0.0.1","127.0.0.1","UDP","47","54841  >  13337 Len=15"
"193","402.871439","127.0.0.1","127.0.0.1","UDP","47","54841  >  13337 Len=15"
"194","403.756228","127.0.0.1","127.0.0.1","UDP","47","54841  >  13337 Len=15"
"195","406.195768","127.0.0.1","127.0.0.1","UDP","47","54841  >  13337 Len=15"
"196","407.105230","127.0.0.1","127.0.0.1","UDP","47","54841  >  13337 Len=15"
"197","407.482416","127.0.0.1","127.0.0.1","UDP","47","54841  >  13337 Len=15"
"198","410.320666","127.0.0.1","127.0.0.1","UDP","47","54841  >  13337 Len=15"
"199","410.736391","127.0.0.1","127.0.0.1","UDP","47","54841  >  13337 Len=15"
"200","413.182242","127.0.0.1","127.0.0.1","UDP","47","54841  >  13337 Len=15"
"201","415.757996","127.0.0.1","127.0.0.1","UDP","47","54841  >  13337 Len=15"
"202","418.571230","127.0.0.1","127.0.0.1","UDP","47","54841  >  13337 Len=15"
"203","420.717683","127.0.0.1","127.0.0.1","UDP","47","54841  >  13337 Len=15"
"204","423.522255","127.0.0.1","127.0.0.1","UDP","47","54841  >  13337 Len=15"
"205","423.773171","127.0.0.1","127.0.0.1","UDP","47","54841  >  13337 Len=15"
"206","426.426807","127.0.0.1","127.0.0.1","UDP","47","54841  >  13337 Len=15"
"207","428.951479","127.0.0.1","127.0.0.1","UDP","47","54841  >  13337 Len=15"
"208","429.528648","127.0.0.1","127.0.0.1","UDP","47","54841  >  13337 Len=15"
"209","429.694664","127.0.0.1","127.0.0.1","UDP","47","54841  >  13337 Len=15"
"210","431.751285","127.0.0.1","127.0.0.1","UDP","47","54841  >  13337 Len=15"
"211","431.957930","127.0.0.1","127.0.0.1","UDP","47","54841  >  13337 Len=15"
"212","432.929103","127.0.0.1","127.0.0.1","UDP","47","54841  >  13337 Len=15"
"213","433.790615","127.0.0.1","127.0.0.1","UDP","47","54841  >  13337 Len=15"
"214","436.124293","127.0.0.1","127.0.0.1","UDP","47","54841  >  13337 Len=15"
"215","438.798003","127.0.0.1","127.0.0.1","UDP","47","54841  >  13337 Len=15"
"216","441.342376","127.0.0.1","127.0.0.1","UDP","47","54841  >  13337 Len=15"
"217","441.734378","127.0.0.1","127.0.0.1","UDP","47","54841  >  13337 Len=15"
"218","443.739630","127.0.0.1","127.0.0.1","UDP","47","54841  >  13337 Len=15"
"219","444.487217","127.0.0.1","127.0.0.1","UDP","47","54841  >  13337 Len=15"
"220","445.283150","127.0.0.1","127.0.0.1","UDP","47","54841  >  13337 Len=15"
"221","446.169275","127.0.0.1","127.0.0.1","UDP","47","54841  >  13337 Len=15"
"222","448.826336","127.0.0.1","127.0.0.1","UDP","47","54841  >  13337 Len=15"
"223","451.358028","127.0.0.1","127.0.0.1","UDP","47","54841  >  13337 Len=15"
"224","451.878651","127.0.0.1","127.0.0.1","UDP","47","54841  >  13337 Len=15"
"225","451.992658","127.0.0.1","127.0.0.1","UDP","47","54841  >  13337 Len=15"
"226","452.908218","127.0.0.1","127.0.0.1","UDP","47","54841  >  13337 Len=15"
"227","454.999165","127.0.0.1","127.0.0.1","UDP","47","54841  >  13337 Len=15"
"228","457.525044","127.0.0.1","127.0.0.1","UDP","47","54841  >  13337 Len=15"
"229","457.902415","127.0.0.1","127.0.0.1","UDP","47","54841  >  13337 Len=15"
"230","460.302165","127.0.0.1","127.0.0.1","UDP","47","54841  >  13337 Len=15"
"231","462.678935","127.0.0.1","127.0.0.1","UDP","47","54841  >  13337 Len=15"
"232","465.249666","127.0.0.1","127.0.0.1","UDP","47","54841  >  13337 Len=15"
"233","465.613309","127.0.0.1","127.0.0.1","UDP","47","54841  >  13337 Len=15"
"234","467.699845","127.0.0.1","127.0.0.1","UDP","47","54841  >  13337 Len=15"
"235","467.941288","127.0.0.1","127.0.0.1","UDP","47","54841  >  13337 Len=15"
"236","468.182595","127.0.0.1","127.0.0.1","UDP","47","54841  >  13337 Len=15"
